time,Irr,v_wind,T_amb,T_water,P_elec_wind,P_pv,P_req,Q_provided,T_in,T_out,SOC,P_CCreq,P_bat,P_export,P_CC,Q_heat
0.0,0.0,6.46443734059772,276.713071748538,276.00045739883,440456.400815349,0.0,385550.6161352607,385550.6161352607,276.00045739883,363.5,0.5,0.0,440456.400815349,0.0,0.0,0.0
900.0,0.0,6.53640728698908,273.778027844961,273.652422275968,457775.3733842919,0.0,395896.8003713664,395896.8003713664,273.652422275968,363.5,0.5786529287170266,0.0,72224.75724903122,0.0,0.0,0.0
1800.0,0.0,7.05800827951702,275.987341042365,275.419872833892,574024.9941092585,0.0,388108.8550708717,388108.8550708717,275.419872833892,363.5,0.5915502067972107,0.0,178128.19373789214,0.0,0.0,0.0
2700.0,0.0,7.17023489210183,274.026616232134,273.851292985707,604001.3492242979,0.0,395020.5132229795,395020.5132229795,273.851292985707,363.5,0.6233588128218344,0.0,215892.4941534262,0.0,0.0,0.0
3600.0,0.0,7.47305308211638,275.544477013763,275.06558161101,681912.8925209693,0.0,389669.9740803287,389669.9740803287,275.06558161101,363.5,0.6619110439206605,0.0,286892.37929798977,0.0,0.0,0.0
4500.0,0.0,7.4803383260202,274.806223538711,274.474978830969,684830.584414694,0.0,392272.3564353303,392272.3564353303,274.474978830969,363.5,0.7131418259381587,0.0,295160.6103343653,0.0,0.0,0.0
5400.0,0.0,7.87734715092931,274.933598260419,274.576878608335,799573.5851267892,0.0,391823.3538373787,391823.3538373787,274.576878608335,363.5,0.765849077783581,0.0,407301.2286914589,0.0,0.0,0.0
6300.0,0.0,7.86377788953331,274.881059392403,274.534847513923,795524.9988513823,0.0,392008.556112335,392008.556112335,274.534847513923,363.5,0.838581440049913,0.0,403701.6450140036,0.0,0.0,0.0
7200.0,0.0,8.13594636673756,276.231458714113,275.61516697129,878851.5473057639,0.0,387248.32742966316,387248.32742966316,275.61516697129,363.5,0.9106710195166994,0.0,388242.2907064834,98600.70048694551,0.0,0.0
8100.0,0.0,8.01656327169891,275.131556702427,274.735245361942,842415.4545440032,0.0,391125.53991043236,391125.53991043236,274.735245361942,363.5,0.98,0.0,0.0,455167.1271143401,0.0,0.0
9000.0,0.0,8.27778000933236,275.062381975969,274.679905580775,927594.3393480505,0.0,391369.38446197443,391369.38446197443,274.679905580775,363.5,0.98,0.0,0.0,536468.7994376181,0.0,0.0
9900.0,0.0,8.1847292182248,274.317318489274,274.083854791419,897883.5971368112,0.0,393995.77246644214,393995.77246644214,274.083854791419,363.5,0.98,0.0,0.0,506514.2126748368,0.0,0.0
10800.0,0.0,8.46603791157279,275.98850896136,275.420807169088,990658.6033857026,0.0,388104.7380949449,388104.7380949449,275.420807169088,363.5,0.98,0.0,0.0,596662.8309192604,0.0,0.0
11700.0,0.0,8.75316279456661,273.343140304881,273.304512243905,1100210.0076431306,0.0,397429.8018389619,397429.8018389619,273.304512243905,363.5,0.98,0.0,0.0,712105.2695481856,0.0,0.0
12600.0,0.0,8.85823223035672,275.320657901888,274.886526321511,1136195.527354625,0.0,390458.9482296369,390458.9482296369,274.886526321511,363.5,0.98,0.0,0.0,738765.7255156632,0.0,0.0
13500.0,0.0,8.88234973307757,274.15922130945,273.95737704756,1147931.915676267,0.0,394553.0733462252,394553.0733462252,273.95737704756,363.5,0.98,0.0,0.0,757472.96744663,0.0,0.0
14400.0,0.0,8.88321541907018,276.366269287202,275.723015429762,1143655.744463215,0.0,386773.1130642278,386773.1130642278,275.723015429762,363.5,0.98,0.0,0.0,749102.6711169899,0.0,0.0
15300.0,0.0,8.96882305336344,275.228082256822,274.812465805458,1179482.68026655,0.0,390785.2822508978,390785.2822508978,274.812465805458,363.5,0.98,0.0,0.0,792709.5672023222,0.0,0.0
16200.0,0.0,9.07218810932468,275.414971151018,274.961976920814,1220318.9535172011,0.0,390126.48906260286,390126.48906260286,274.961976920814,363.5,0.98,0.0,0.0,829533.6712663034,0.0,0.0
17100.0,0.0,9.31395993828159,274.085950493987,273.89876039519,1323712.790022392,0.0,394811.3568270892,394811.3568270892,273.89876039519,363.5,0.98,0.0,0.0,933586.3009597892,0.0,0.0
18000.0,0.0,9.15395314093742,274.121218564818,273.926974851854,1256575.925354022,0.0,394687.03502119903,394687.03502119903,273.926974851854,363.5,0.98,0.0,0.0,861764.5685269329,0.0,0.0
18900.0,0.0,9.29768626554432,277.181829650816,276.375463720653,1309378.8441059228,0.0,383898.21985825954,383898.21985825954,276.375463720653,363.5,0.98,0.0,0.0,914691.8090847238,0.0,0.0
19800.0,0.0,9.29620738239265,274.453064630758,274.192451704606,1315275.7997196412,0.0,393517.26017317816,393517.26017317816,274.192451704606,363.5,0.98,0.0,0.0,931377.5798613817,0.0,0.0
20700.0,0.0,9.10137879488184,275.038032005408,274.660425604326,1232983.6243313397,0.0,391455.21938978037,391455.21938978037,274.660425604326,363.5,0.98,0.0,0.0,839466.3641581616,0.0,0.0
21600.0,0.0,9.36047668873441,272.957675471347,272.996140377077,1346421.0923790042,0.0,398788.58566479554,398788.58566479554,272.996140377077,363.5,0.98,0.0,0.0,954965.8729892238,0.0,0.0
22500.0,0.0,9.49972062577004,274.750207854003,274.430166283202,1402801.8308176673,0.0,392469.8146721225,392469.8146721225,274.430166283202,363.5,0.98,0.0,0.0,1004013.2451528718,0.0,0.0
23400.0,0.0,8.9675664048139,275.174874258989,274.769899407192,1179101.3730015976,0.0,390972.8432436783,390972.8432436783,274.769899407192,363.5,0.98,0.0,0.0,786631.5583294751,0.0,0.0
24300.0,0.0,9.26823653555758,276.192922532454,275.584338025963,1299310.900629922,0.0,387384.1694982304,387384.1694982304,275.584338025963,363.5,0.98,0.0,0.0,908338.0573862437,0.0,0.0
25200.0,0.0,9.26714443891307,275.114600700469,274.721680560375,1301406.2224083345,0.0,391185.31070975825,391185.31070975825,274.721680560375,363.5,0.98,0.0,0.0,914022.0529101042,0.0,0.0
26100.0,0.0,9.02302619157283,274.949587650069,274.589670120055,1201607.0495297073,0.0,391766.99039731553,391766.99039731553,274.589670120055,363.5,0.98,0.0,0.0,810421.7388199491,0.0,0.0
27000.0,0.0,9.15621139072886,275.407471471402,274.955977177122,1254557.5443810949,0.0,390152.92582796555,390152.92582796555,274.955977177122,363.5,0.98,0.0,0.0,862790.5539837794,0.0,0.0
27900.0,0.0,9.15234470603209,276.870726043679,276.126580834944,1249635.4583400001,0.0,384994.876447289,384994.876447289,276.126580834944,363.5,0.98,0.0,0.0,859482.5325120345,0.0,0.0
28800.0,58.4640699069607,8.84881859734527,275.448089166962,274.98847133357,1132313.99344754,95738.17282137243,390009.7463133433,390009.7463133433,274.98847133357,363.5,0.98,0.0,0.0,843057.2898216236,0.0,0.0
29700.0,51.6381956256368,8.78291750989707,277.005907900415,276.234726320332,1104068.2458932768,84319.0944171502,384518.35328746337,384518.35328746337,276.234726320332,363.5,0.98,0.0,0.0,798377.5939970836,0.0,0.0
30600.0,80.9770752280868,8.88981334978332,276.12778200015,275.53222560012,1146703.6222232927,132439.35512771035,387613.7933030502,387613.7933030502,275.53222560012,363.5,0.98,0.0,0.0,894624.6240635398,0.0,0.0
31500.0,83.2216788497793,8.56335548514666,273.279968004536,273.253974403629,1030297.6241787774,136821.44131791685,397652.4875225358,397652.4875225358,273.253974403629,363.5,0.98,0.0,0.0,779505.2721936441,0.0,0.0
32400.0,108.026179187209,8.55556951461542,274.353651131789,274.112920905431,1025474.9171702804,177253.5728658812,393867.6979893325,393867.6979893325,274.112920905431,363.5,0.98,0.0,0.0,805076.0025136259,0.0,0.0
33300.0,145.613536907447,8.47531568102634,274.054803757205,273.873843005764,997431.4038791158,239058.92574156998,394921.1507135494,394921.1507135494,273.873843005764,363.5,0.98,0.0,0.0,842622.6316313534,0.0,0.0
34200.0,218.10300914701,8.25916130609919,275.395018263776,274.946014611021,920790.5599902598,357190.55767504196,390196.8240402802,390196.8240402802,274.946014611021,363.5,0.98,0.0,0.0,883059.9669517523,0.0,0.0
35100.0,194.790059167287,8.02527666559569,275.113035460305,274.720428368244,845193.9167959198,319175.3734172642,391190.8282637166,391190.8282637166,274.720428368244,363.5,0.98,0.0,0.0,774172.4661729038,0.0,0.0
36000.0,237.069693411225,8.07654890881771,274.163551451646,273.960841161317,862991.6020775302,389128.41033439426,394537.8093670812,394537.8093670812,273.960841161317,363.5,0.98,0.0,0.0,860929.184148208,0.0,0.0
36900.0,260.641178239049,7.6694115220799,275.822361523753,275.287889219002,736717.4106375425,426521.80318650906,388690.41655711323,388690.41655711323,275.287889219002,363.5,0.98,0.0,0.0,768701.4044569703,0.0,0.0
37800.0,260.777934093273,7.71465218317654,273.918945124082,273.765156099265,752440.6990569081,428234.7019570152,395400.0595457649,395400.0595457649,273.765156099265,363.5,0.98,0.0,0.0,791984.9844568102,0.0,0.0
38700.0,315.01698883213,7.69512820799449,275.400750825772,274.950600660618,744725.2089417375,515902.61304175784,390176.6164575294,390176.6164575294,274.950600660618,363.5,0.98,0.0,0.0,865227.7624377303,0.0,0.0
39600.0,293.036168741571,7.25995012899613,276.64475302942,275.945802423536,623972.730646523,478811.06057175866,385791.44321587187,385791.44321587187,275.945802423536,363.5,0.98,0.0,0.0,712607.1747607524,0.0,0.0
40500.0,299.121352766509,6.95526834859728,276.92431756582,276.169454052656,548385.0316935823,488503.17162871023,384805.96351113886,384805.96351113886,276.169454052656,363.5,0.98,0.0,0.0,651096.7601064206,0.0,0.0
41400.0,364.33690435355,7.08315887970155,274.425413846321,274.170331077057,581838.2910956098,597739.7813665805,393614.7306436203,393614.7306436203,274.170331077057,363.5,0.98,0.0,0.0,794772.1089510515,0.0,0.0
42300.0,353.893787358271,6.65725018817801,276.536742416824,275.859393933459,481210.0202702171,578364.9973192186,386172.18631004286,386172.18631004286,275.859393933459,363.5,0.98,0.0,0.0,665960.2869458154,0.0,0.0
43200.0,368.47579430787,6.71936911610084,275.071639568726,274.687311654981,496128.9977642061,603815.7869501974,391336.7509602627,391336.7509602627,274.687311654981,363.5,0.98,0.0,0.0,713772.5984043607,0.0,0.0
44100.0,306.527233917743,6.44576320669472,274.65545404105,274.35436323284,438290.42023975716,502684.32182705234,392803.82684982294,392803.82684982294,274.35436323284,363.5,0.98,0.0,0.0,549637.9911065467,0.0,0.0
45000.0,324.916388937489,6.24899064820774,273.857013037555,273.715610430044,399946.6088081023,533619.5954189714,395618.3734103534,395618.3734103534,273.715610430044,363.5,0.98,0.0,0.0,540762.3773772507,0.0,0.0
45900.0,304.676126630129,6.35236934395995,276.326081144674,275.690864915739,418238.2226127128,498121.6281338488,386914.778381807,386914.778381807,275.690864915739,363.5,0.98,0.0,0.0,520741.47733620816,0.0,0.0
46800.0,270.609975816042,5.90646754495936,273.859354547639,273.717483638111,337717.83871877496,444428.6994797455,395610.11946407094,395610.11946407094,273.717483638111,363.5,0.98,0.0,0.0,395231.75981671346,0.0,0.0
47700.0,301.759529458888,5.80905392452871,275.672896312956,275.168317050365,320220.6180551487,493944.53420585475,389217.28929176024,389217.28929176024,275.168317050365,363.5,0.98,0.0,0.0,418555.03279693244,0.0,0.0
48600.0,279.357827542467,5.50988505314982,275.403146973367,274.952517578694,273384.69279761607,457501.67677136895,390168.16991114407,390168.16991114407,274.952517578694,363.5,0.98,0.0,0.0,341669.0802772247,0.0,0.0
49500.0,247.15006351546,5.51101921795435,272.981354974086,273.015083979269,274766.6090081518,406550.96383459674,398705.11417134746,398705.11417134746,273.015083979269,363.5,0.98,0.0,0.0,291149.40293160453,0.0,0.0
50400.0,253.311336811064,5.60693336056881,276.3622178702,275.71977429616,287583.6021856276,414116.754210468,386787.394522394,386787.394522394,275.71977429616,363.5,0.98,0.0,0.0,302995.24222474813,0.0,0.0
51300.0,236.959364075056,5.21207616170467,274.331149714314,274.094919771451,231861.35948319064,388828.1727976819,393947.0166702171,393947.0166702171,274.094919771451,363.5,0.98,0.0,0.0,233902.13775847858,0.0,0.0
52200.0,160.798247877126,4.99680636061148,275.025370820712,274.65029665657,204043.7652063169,263520.00969526864,391499.8507322084,391499.8507322084,274.65029665657,363.5,0.98,0.0,0.0,73616.75823136844,0.0,0.0
53100.0,155.942393333903,4.76341038621942,272.624825798915,272.729860639132,177543.9128538641,256685.15948344002,399961.89827851934,399961.89827851934,272.729860639132,363.5,0.98,0.0,0.0,42729.22160509572,0.0,0.0
54000.0,95.1461998230167,4.85522648122984,277.707720737199,276.79617658976,186274.89516669256,155162.21887496268,382044.42610027845,382044.42610027845,276.79617658976,363.5,0.98,0.0,-58524.78423686413,0.0,0.0,0.0
54900.0,67.7799465677715,4.62471897901034,277.037563630585,276.260050904468,161179.78174786168,110670.23656789225,384406.7651725231,384406.7651725231,276.260050904468,363.5,0.9695491456719886,0.0,-110194.40778452455,0.0,0.0,0.0
55800.0,48.6751578198108,4.49112185703627,276.424856431554,275.769885145243,147775.67452450664,79565.65081585852,386566.5902968556,386566.5902968556,275.769885145243,363.5,0.9498715728533235,0.0,-157065.43983215792,0.0,0.0,0.0
56700.0,42.3867079210202,4.2413009872036,275.184526922701,274.777621538161,124743.22758639525,69444.11114543173,390938.8170960612,390938.8170960612,274.777621538161,363.5,0.9218241728832952,0.0,-192379.25156502862,0.0,0.0,0.0
57600.0,34.7032159611114,4.38946493436774,274.545718391128,274.266574712902,138439.71448142748,56922.395737005005,393190.6507913602,393190.6507913602,274.266574712902,363.5,0.8874707351038258,0.0,-195576.7068776287,0.0,0.0,0.0
58500.0,0.0,4.2118109040955,275.993573698463,275.424858958771,121979.25513685665,0.0,388086.88463008916,388086.88463008916,275.424858958771,363.5,0.8525463231613921,0.0,-271211.39565450355,0.0,0.0,0.0
59400.0,0.0,4.4441971085282,273.936817182055,273.779453745644,143843.0808645089,0.0,395337.0596007729,395337.0596007729,273.779453745644,363.5,0.8041157167945164,0.0,-244243.80376558026,0.0,0.0,0.0
60300.0,0.0,4.17180951465995,275.415547207486,274.962437765989,118661.59222820222,0.0,390124.4584332315,390124.4584332315,274.962437765989,363.5,0.7605007518363771,0.0,-276675.4673725707,0.0,0.0,0.0
61200.0,0.0,4.16334077372977,274.712169748451,274.399735798761,118091.8306594528,0.0,392603.9009961962,392603.9009961962,274.399735798761,363.5,0.7110944183769895,0.0,-272032.62777377875,0.0,0.0,0.0
62100.0,0.0,4.06380842808661,275.98054292494,275.414434339952,109569.42154468702,0.0,388132.8187925906,388132.8187925906,275.414434339952,363.5,0.6625171634173862,0.0,-283034.4794515092,0.0,0.0,0.0
63000.0,0.0,4.07252557282855,274.62977365373,274.333818922984,110547.9661450138,0.0,392894.35156672524,392894.35156672524,274.333818922984,363.5,0.6119752920867596,0.0,-277584.8526475768,0.0,0.0,0.0
63900.0,0.0,4.14298559468974,274.643914761276,274.345131809021,116382.6803686614,0.0,392844.50341835595,392844.50341835595,274.345131809021,363.5,0.5624065683996923,0.0,-276511.6711980638,0.0,0.0,0.0
64800.0,0.0,3.84270696123424,276.836062808243,276.098850246595,92496.52265199034,0.0,385117.0661765824,385117.0661765824,276.098850246595,363.5,0.5130294842571809,0.0,-300347.9807663656,0.0,0.0,0.0
65700.0,0.0,4.1463093392926,276.104034736093,275.513227788874,116352.87871187396,0.0,387697.5036587088,387697.5036587088,275.513227788874,363.5,0.459395916263187,0.0,-268764.18746470846,0.0,0.0,0.0
66600.0,0.0,4.11308692966354,275.806927777591,275.275542222073,113639.85836746776,0.0,388744.82132463413,388744.82132463413,275.275542222073,363.5,0.41140231135877475,0.0,-274057.64529124106,0.0,0.0,0.0
67500.0,0.0,4.21618873242345,275.676954180829,275.171563344663,122430.60237348576,0.0,389202.9850939375,389202.9850939375,275.171563344663,363.5,0.362463446128196,0.0,-266314.2189511484,0.0,0.0,0.0
68400.0,0.0,4.21713594371247,275.098882668429,274.709106134743,122642.3142733336,0.0,391240.71759996394,391240.71759996394,274.709106134743,363.5,0.3149073356012052,0.0,-266560.6708206039,0.0,0.0,0.0
69300.0,0.0,4.11015784813964,275.359385797249,274.917508637799,113489.77330459746,0.0,390322.4303601825,390322.4303601825,274.917508637799,363.5,0.26730721581181166,0.0,-277750.94429536647,0.0,0.0,0.0
70200.0,0.0,4.11491480791563,274.264279685704,274.041423748563,114112.10368439478,0.0,347580.57591932756,440784.8981617575,274.041423748563,364.05664310942683,0.21770883290192478,350000.0,-99169.46425077869,172959.137574991,362461.25316500536,46602.16112121498
71100.0,0.0,3.92664527453485,276.81222703772,276.079781630176,98695.51921084119,0.0,338770.913847239,431631.2631971468,276.079781630176,364.05458880404865,0.2,350000.0,-0.0,101114.94329151363,361123.58080519695,46430.1746749539
72000.0,0.0,4.43184265312777,274.879293474229,274.533434779383,142401.4837520139,0.0,345454.13337635546,438575.42875733454,274.533434779383,364.0561472490503,0.2,350000.0,-0.0,153630.56990477492,362138.3709260298,46560.64769048955
72900.0,0.0,4.73530105763749,275.356132824421,274.914906259537,173550.7870564698,0.0,343805.4362262569,436862.3582949601,274.914906259537,364.05576279305245,0.2,350000.0,-0.0,178096.65368011434,361888.030267179,46528.461034351596
73800.0,0.0,4.55585194291941,276.023601277495,275.448881021996,154370.54655552466,0.0,341497.62891983596,434464.4427473741,275.448881021996,364.0552246406327,0.2,350000.0,-0.0,160565.11032926777,361537.6093293151,46483.40691376909
74700.0,0.0,4.4475726037631,274.195811507896,273.986649206317,144102.86951173202,0.0,347817.30824768514,441030.8736941192,273.986649206317,364.05669831250856,0.2,350000.0,-0.0,152605.24059189606,362497.1989583546,46606.782723217024
75600.0,0.0,4.90059581365277,277.402725087229,276.552180069783,191651.85462984498,0.0,336729.23576221784,429509.86787544197,276.552180069783,364.0541127097063,0.2,350000.0,-0.0,193834.54638215984,360813.5693292048,46390.31605661205
76500.0,0.0,4.76077870932694,274.546568740392,274.267254992314,176627.87902267225,0.0,346604.54665542237,439770.75987546943,274.267254992314,364.0564155113476,0.2,350000.0,-0.0,189898.6432604544,362313.0514112942,46583.10661002355
77400.0,0.0,5.04867223965972,275.544201856728,275.065361485382,210264.73946949028,0.0,343155.17764868797,436186.71039802965,275.065361485382,364.0556111607103,0.2,350000.0,-0.0,213660.1928140679,361789.29402521777,46515.766374670864
78300.0,0.0,5.14702118170619,274.400122627768,274.150098102215,223259.15406512373,0.0,347110.8917975091,440296.87524276046,274.150098102215,364.05653358483784,0.2,350000.0,-0.0,230103.97641643576,362389.9356204218,46592.991722625666
79200.0,0.0,5.21616917280515,276.736904173393,276.019523338715,231391.24161761836,0.0,339031.34661500837,431901.86455160036,276.019523338715,364.0546495337828,0.2,350000.0,-0.0,234280.34982010926,361163.1253089687,46435.25896829599
80100.0,0.0,5.65955336712115,274.282639235325,274.05611138826,296880.0946432221,0.0,347517.0968102199,440718.9405134511,274.05611138826,364.0566283068755,0.2,350000.0,-0.0,307848.74802821374,362451.6144014544,46600.92185161557
81000.0,0.0,5.69704147496273,274.141326281939,273.943061025551,302896.9268488394,0.0,348005.6937840767,441226.614736015,273.943061025551,364.05674224171014,0.2,350000.0,-0.0,305379.83003861946,362525.8037019821,46610.46047596913
81900.0,0.0,5.86066640323217,276.711294990661,275.999035992529,328211.0078461147,0.0,339119.8917121576,431993.8668884184,275.999035992529,364.05467018141576,0.2,350000.0,-0.0,330205.31406203797,361176.570129903,46436.98758813039
82800.0,0.0,6.00106115711672,274.952494888216,274.591995910572,353498.5754952596,0.0,345201.03563479206,438312.448824883,274.591995910572,364.0560882297545,0.2,0.0,14378.683783102024,0.0,362099.9401836866,46555.70659504543
83700.0,0.0,6.06568872779241,274.901614270076,274.551291416061,365076.7597613506,0.0,345376.9580499339,438495.2401234737,274.551291416061,364.0561292527087,0.20256762210412538,0.0,19875.724126558518,0.0,362126.65250821016,46559.141036769885
84600.0,0.0,6.40043356682151,274.01881977252,273.845055818016,429607.77256574325,0.0,348429.26648810296,441666.72581881273,273.845055818016,364.0568410136808,0.20611685855529654,0.0,84230.81451580935,0.0,362590.119619427,46618.72966535491
85500.0,0.0,6.44669554823347,275.105622555959,274.714498044767,438120.6029948603,0.0,344671.588664217,437762.32961916254,274.714498044767,364.0559647692006,0.22115807543311963,0.0,89691.33650675736,0.0,362019.5481581215,46545.370477472774
86400.0,0.0,12.1219992716248,272.741443633362,272.82315490669,332500.0,0.0,352845.86171956325,446255.76682905934,272.82315490669,364.0578709096362,0.23717438552361203,350000.0,-12171.588664216979,350000.0,363260.7420924849,46704.952554748066
87300.0,0.0,11.0089813392359,272.943153976321,272.984523181057,2190483.3855738887,0.0,352148.4375924495,445531.1118056462,272.984523181057,364.0577082788652,0.235000887547859,0.0,1837637.5238543255,0.0,363154.8441624315,46691.33710659834
88200.0,0.0,12.0796096790254,274.203563282973,273.992850626378,332500.0,0.0,347790.5060773708,441003.0250341695,273.992850626378,364.05669206257045,0.5631504453789885,350000.0,-19648.43759244948,350000.0,362493.1292764392,46606.25947839933
89100.0,0.0,12.2697878042663,275.328168777803,274.892535022243,332500.0,0.0,343902.12338922883,436962.8206042254,274.892535022243,364.05578533931555,0.5596417958089083,350000.0,-15290.506077370781,350000.0,361902.71139165346,46530.34860749831
90000.0,0.0,11.186016898435,275.148377985611,274.748702388489,2288625.5441401494,0.0,344523.75951590773,437608.7284878503,274.748702388489,364.0559302972524,0.556911348295092,0.0,1944723.4207509207,0.0,361997.10155755427,46542.484485971276
90900.0,0.0,11.800635756947,273.403028592241,273.352422873792,332500.0,0.0,350558.3969039832,443878.98804403073,273.352422873792,364.0573375008364,0.9041833877148993,350000.0,-12023.759515907732,350000.0,362913.40998907347,46660.295570023736
91800.0,0.0,13.4150599223581,271.299361939918,271.669489551934,332500.0,0.0,357831.9350736857,451436.5212117968,271.669489551934,364.05903360092043,0.9020362878013443,350000.0,-18058.3969039832,350000.0,364017.83498154307,46802.293069055544
92700.0,0.0,12.3296063148408,273.79078281836,273.662626254688,332500.0,0.0,349217.71625905624,442485.9605785776,273.662626254688,364.0570248705179,0.8988115740684901,350000.0,-25331.935073685716,350000.0,362709.839020361,46634.12215976071
93600.0,0.0,12.3040458151064,275.920834301717,275.366667441374,332500.0,0.0,341852.95114737493,434833.6385166431,275.366667441374,364.0553074974275,0.8942880142339034,350000.0,-16717.716259056237,350000.0,361591.5619915986,46490.34368463411
94500.0,0.0,12.5544308950044,272.780246490818,272.854197192654,332500.0,0.0,352711.6987976569,446116.3655213965,272.854197192654,364.0578396244848,0.8913027077590719,350000.0,-9352.95114737493,350000.0,363240.37059232057,46702.333361869794
95400.0,0.0,12.5145870310641,274.042760174791,273.864208139833,332500.0,0.0,348346.4912872289,441580.7186636322,273.864208139833,364.056821711517,0.8896325379113265,350000.0,-20211.69879765692,350000.0,362577.5509082347,46617.113688201614
96300.0,0.0,13.7776646576561,275.010688701942,274.638550961554,332500.0,0.0,344999.82746099675,438103.3844862346,274.638550961554,364.05604131047085,0.8860233059831735,350000.0,-15846.491287228884,350000.0,362069.3884314805,46551.77851261893
97200.0,0.0,13.7775773880025,271.581183167649,271.894946534119,332500.0,0.0,356857.52334610873,450424.06361847615,271.894946534119,364.0588063800309,0.8831935753961683,350000.0,-12499.827460996748,350000.0,363869.8788369843,46783.2701361837
98100.0,0.0,20.2770047903448,272.304378459384,272.473502767507,0.0,0.0,354357.037562025,447825.9464700081,272.473502767507,364.05822329734826,0.8809614633495617,350000.0,-356857.52334610873,350000.0,363490.20130882337,46734.45445399158
99000.0,0.0,12.7768512882265,272.78966941522,272.861735532176,332500.0,0.0,352679.1185405918,446082.5131695372,272.861735532176,364.0578320271676,0.8172369056091852,350000.0,-21857.037562025012,350000.0,363235.42355700955,46701.697314472665
99900.0,0.0,12.7922638395914,272.916246927035,272.962997541628,332500.0,0.0,352241.4701315172,445627.77679636754,272.962997541628,364.0577299729148,0.813333863187395,350000.0,-20179.118540591793,350000.0,363168.97036330664,46693.15333242514
100800.0,0.0,12.0548839733967,271.662109581155,271.959687664924,332500.0,0.0,356577.7160121261,450133.3312186702,271.959687664924,364.058741132385,0.8097304491622893,350000.0,-19741.470131517213,350000.0,363827.3924698936,46777.80760327204
101700.0,0.0,12.2099707151417,269.853124933355,270.512499946684,332500.0,0.0,362832.3756416129,456632.20377560996,270.512499946684,364.060199642463,0.8062051866388041,350000.0,-24077.716012126126,350000.0,364777.1094099887,46899.91406699855
102600.0,0.0,12.6809193101288,273.465387174334,273.402309739467,332500.0,0.0,350342.78882436344,443654.9615558284,273.402309739467,364.057287223671,0.8019055944937816,350000.0,-30332.375641612918,350000.0,362880.67173347465,46656.08636573246
103500.0,0.0,11.8872134373288,273.391601734009,273.343281387207,332500.0,0.0,350597.9058677314,443920.03963364015,273.343281387207,364.05734671384323,0.7964890988434936,350000.0,-17842.788824363437,350000.0,362919.4090896453,46661.06688295441
104400.0,0.0,11.4475740460957,272.937550086523,272.980040069219,332500.0,0.0,352167.81333636586,445551.24407468527,272.980040069219,364.0577127970516,0.7933028865534287,350000.0,-18097.905867731373,350000.0,363157.78620457544,46691.715369159705
105300.0,0.0,11.5266980154582,275.910964515552,275.358771612442,332500.0,0.0,341887.0764525027,434869.0962429032,275.358771612442,364.05531545503106,0.7900711176484767,350000.0,-19667.813336365856,350000.0,361596.74362933525,46491.00989520026
106200.0,0.0,9.93219379456133,273.028837240778,273.053069792623,1608295.973853946,0.0,351852.18319594226,445223.29016843723,273.053069792623,364.0576391959657,0.7865590081241257,0.0,1083269.5545048958,183139.3428965474,363109.8604485915,46685.55348624749
107100.0,0.0,9.59550696207529,274.574218224157,274.289374579326,1446129.2796665586,0.0,346508.9471100688,439671.4276498076,274.289374579326,364.05639321870365,0.98,0.0,0.0,1094277.0964706163,362298.5354323176,46581.24026986941
108000.0,0.0,11.0543101246145,271.018955323081,271.445164258465,2225494.1665111925,0.0,358801.45570964005,452443.8967410241,271.445164258465,364.05925968126724,0.98,0.0,0.0,1878985.2194011237,364165.0484553825,46821.220515692046
108900.0,0.0,9.45168158750979,274.043174007921,273.864539206337,1383413.0407420916,0.0,348345.0604374014,441579.23194633203,273.864539206337,364.05682137786033,0.98,0.0,0.0,1024611.5850324515,362577.33364584146,46617.08575446534
109800.0,0.0,9.74415814851635,273.780862015585,273.654689612468,1516581.767415992,0.0,349252.0179567982,442521.60158469423,273.654689612468,364.05703286925404,0.98,0.0,0.0,1168236.7069785907,362715.0474418179,46634.79181394802
110700.0,0.0,9.50975837160856,276.073472325236,275.488777860188,1403862.7358876576,0.0,341325.1971474829,434285.2783835761,275.488777860188,364.0551844316537,0.98,0.0,0.0,1054610.7179308594,361511.4270292511,46480.04061804658
111600.0,0.0,9.70093483357539,274.050371905997,273.870297524798,1495752.2561338579,0.0,348320.17332596594,441553.3731186564,273.870297524798,364.0568155744905,0.98,0.0,0.0,1154427.058986375,362573.5547493516,46616.59989634521
112500.0,0.0,8.9435479794321,275.654580604042,275.153664483234,1168630.1451514491,0.0,342773.53732043854,435790.1689388929,275.153664483234,364.0555221668565,0.98,0.0,0.0,820309.9718254833,361731.34518287797,46508.31580922718
113400.0,0.0,15.1694799303372,272.488785684523,272.621028547619,332500.0,0.0,353719.4398754599,447163.4538080493,272.621028547619,364.05807461737095,0.98,350000.0,-10273.53732043854,350000.0,363393.38751562545,46722.006966294706
114300.0,0.0,8.2650931885673,271.827332315574,272.09186585246,928816.9108052646,0.0,356006.4497119354,449539.7598493329,272.09186585246,364.05860792007525,0.9781654397642073,0.0,10273.53732043883,564823.933609366,363740.65053432365,46766.65506869876
115200.0,0.0,9.41527120135255,274.755491870163,274.434393496131,1365708.8939450574,0.0,345882.18393828406,439020.19253581204,274.434393496131,364.0562470652026,0.98,0.0,0.0,1009702.444233122,362203.36676816444,46569.004298764004
116100.0,34.7665874773421,9.35671729023472,275.082156152588,274.695724922071,1339588.1791468835,56970.39134941869,344752.72498894256,437846.6339083432,274.695724922071,364.0559836891985,0.98,0.0,0.0,1050676.3865580182,362031.8680198913,46546.95445970032
117000.0,11.2923095116145,10.1419277548414,273.313877214846,273.281101771877,1711454.5383290632,18564.086719678635,350866.6424834999,444199.2690594957,273.281101771877,364.05740937993306,0.98,0.0,0.0,1385265.9000597994,362960.2144622059,46666.31328799791
117900.0,7.50218647406613,9.43637620698014,271.175263973987,271.570211179189,1383956.812087077,12381.415060990663,358261.010322365,451882.34968587675,271.570211179189,364.05913365601714,0.98,0.0,0.0,1045471.5846645678,364082.9864136568,46810.669681755884
118800.0,41.0893463463791,8.50357402622309,272.620186861212,272.726149488969,1010089.7655215169,67634.68462597868,353265.11339121166,446691.38816494803,272.726149488969,364.0579686739951,0.98,0.0,0.0,719463.4398251306,363324.4018978637,46713.1373868682
119700.0,59.3983883057441,7.36296895802967,273.164899838414,273.161919870731,655060.1073659839,97675.02457021747,351381.7396034297,444734.4781252438,273.161919870731,364.05752949427745,0.98,0.0,0.0,399470.0185449897,363038.4275848327,46676.36926090707
120600.0,56.784380401023,8.16015793376324,271.90770354606,272.156162836848,893755.031224774,93590.70345369638,355728.5619524688,449251.02197375067,272.156162836848,364.0585431200507,0.98,0.0,0.0,635963.9950750406,363698.4556383185,46761.23001064095
121500.0,88.3432413756817,8.45670984586511,274.915461632317,274.562369305854,989320.8102744153,144808.1434708699,345329.08006617625,438445.49274581345,274.562369305854,364.0561180881488,0.98,0.0,0.0,778400.3917928165,362119.38264303363,46558.206339818615
122400.0,104.832789777072,9.37392488019303,273.147382803562,273.14790624285,1351763.0644942396,172393.10425291798,351442.3056733771,444797.4089948962,273.14790624285,364.05754361754373,0.98,0.0,0.0,1178827.0886809812,363047.62402812997,46677.55166075958
123300.0,112.07904254025,8.89492920148777,274.051961968635,273.871569574908,1153042.0084137707,184005.1084037571,348314.67560070934,441547.66073494364,273.871569574908,364.0568142924883,0.98,0.0,0.0,985604.8111441508,362572.71996646666,46616.49256711715
124200.0,124.054733380647,10.199390166357,271.769717220425,272.04577377634,1745642.8058548504,204515.49814443514,356205.65693579,449746.7451110326,272.04577377634,364.05865437276185,0.98,0.0,0.0,1601843.6283985763,363770.8984592769,46770.544087621325
125100.0,129.072426725537,9.06854833062983,273.613376764349,273.520701411479,1222866.893486099,212073.72463842106,349831.1070279607,443123.30116477364,273.520701411479,364.05716790573825,0.98,0.0,0.0,1078734.9611887303,362802.9771987168,46646.09706840645
126000.0,139.271326426477,9.73846198434337,272.185517400928,272.378413920743,1518352.555229994,229427.70705468408,354768.0059274782,448252.9610783529,272.378413920743,364.0583191301414,0.98,0.0,0.0,1397949.1552567175,363552.6033645128,46742.47757543737
126900.0,131.050246608374,8.76044928147903,270.443748141881,270.984998513505,1108842.7836800741,216569.54295531326,360790.26481270127,454510.3588135474,270.984998513505,364.05972344721,0.98,0.0,0.0,970644.3207079093,364467.03222551255,46860.047000423045
127800.0,93.3165661188522,10.2526171605228,271.536622199825,271.85929775986,1773874.1398271634,153906.0917826406,357011.5952376735,450584.15124069713,271.85929775986,364.0588423077104,0.98,0.0,0.0,1566989.9667971027,363893.27334509185,46786.27800151182
128700.0,103.989069716099,10.9080565987435,272.510900731271,272.638720585017,2132478.206152772,171204.2037098731,353642.9759373807,447084.0043386591,272.638720585017,364.0580567869164,0.98,0.0,0.0,1946670.8146249715,363381.7771160827,46720.51420063921
129600.0,182.753824872315,10.6847424286164,276.33038807822,275.694310462576,1990239.14780509,298785.8430536593,340436.8974096554,433362.29501909565,275.694310462576,364.05497729102626,0.98,0.0,0.0,1935382.0149213688,361376.54625893454,46462.69880472016
130500.0,123.962423286132,11.0019141783464,274.678005788282,274.372404630625,2179344.1506509758,203281.76107194772,346150.09614460776,439298.5653631897,274.372404630625,364.0563095390503,0.98,0.0,0.0,2042189.0143132682,362244.04696115194,46574.23460929097
131400.0,127.235107828016,11.1411598455705,272.489676021669,272.621740817335,2272220.962618795,209483.82224553401,353716.3614879212,447160.2552249959,272.621740817335,364.05807389952867,0.98,0.0,0.0,2135554.6887197215,363392.92008862377,46721.94686853734
132300.0,151.429674103365,12.4542078572101,274.634088166559,274.337270533247,332500.0,248344.32261707043,346301.94363316696,439456.3417306815,274.337270533247,364.05634494802626,0.98,0.0,0.0,227127.9611291492,362267.10371255653,46577.19904875728
133200.0,142.305117349328,18.4137566542599,273.355071109692,273.314056887754,332500.0,233926.10222011336,350724.2124239692,444051.27782416076,273.314056887754,364.05737616698633,0.98,0.0,0.0,220124.15858694643,362938.58766741166,46663.53270009579
134100.0,104.978310154291,12.6987907492512,272.522811118609,272.648248894887,332500.0,172829.1058199718,353601.7951462988,447041.2156452866,272.648248894887,364.0580471840599,0.98,0.0,0.0,154604.8933960026,363375.52416273026,46719.710249493895
135000.0,128.921797717114,11.2383629280706,270.709514382048,271.197611505638,2339848.3837744724,212949.34563541552,359871.36404962966,453555.5796080532,271.197611505638,364.05950917079804,0.98,0.0,0.0,2199195.934263589,364327.5049494248,46842.10777921177
135900.0,114.788788998931,12.2407268900682,275.848928845745,275.309143076596,332500.0,187835.00374790005,342101.5680458974,435091.9626517219,275.309143076596,364.05536547184556,0.98,0.0,0.0,160463.63969827036,361629.3123559838,46495.19730291222
136800.0,87.14984424337,11.5240640939042,272.09612874205,272.30690299364,332500.0,143589.09551395848,355077.07192021783,448574.09454004106,272.30690299364,364.0583912005484,0.98,0.0,0.0,133987.52746806107,363599.5324104238,46748.51130991164
137700.0,105.320295636074,11.8195293210876,273.419743842913,273.36579507433,332500.0,173108.73165489707,350500.6030450332,443818.93762623996,273.36579507433,364.0573240240158,0.98,0.0,0.0,150531.65973467927,362904.63448247063,46659.16729060337
138600.0,49.1312641257547,13.8424495292656,273.856699648264,273.715359718611,332500.0,80689.744150368,348989.80535035714,442249.1508978415,273.715359718611,364.05697172448333,0.98,0.0,0.0,62689.14110533486,362675.2326846614,46629.67277374219
139500.0,91.8628849473555,12.0208328217075,274.459727356204,274.197781884963,332500.0,150702.9751513726,346904.80531185435,440082.74211876676,274.197781884963,364.0564855279916,0.98,0.0,0.0,134213.16980101547,362358.6431379929,46588.96840345624
140400.0,70.7618000197987,13.0590307864727,275.394243140978,274.945394512782,332500.0,115887.8219895449,343673.6678009577,436725.4449769256,274.945394512782,364.0557320662683,0.98,0.0,0.0,101483.01667769055,361868.02235098655,46525.888587983995
141300.0,60.1853146735219,11.6405507372831,270.795840023979,271.266672019183,332500.0,99396.798291719,359572.8885991976,453245.45019596047,271.266672019183,364.0594395699759,0.98,0.0,0.0,88223.13049076131,364282.18398741103,46836.28079838143
142200.0,18.2143967745495,12.5484377509056,271.612666785181,271.920133428145,332500.0,30036.66956735614,356748.6670814577,450310.9570654583,271.920133428145,364.0587809960822,0.98,0.0,0.0,2963.780968158506,363853.34993778,46781.14499200029
143100.0,2.10910088643058,11.7777116969354,271.80259566831,272.072076534648,332500.0,3476.83638770181,356091.97797178314,449628.62755656126,272.072076534648,364.0586278642187,0.98,350000.0,-20771.83069375588,350000.0,363753.63727413723,46768.32479238908
144000.0,3.15533417127486,11.6165053424911,271.44894795368,271.789158362944,332500.0,5204.891440899555,357314.73355815373,450899.125584407,271.789158362944,364.05891299585676,0.9762907445189721,350000.0,-18387.086530883564,350000.0,363939.302324318,46792.19601312661
144900.0,0.0,12.264916058299,269.606916676875,270.3155333415,332500.0,0.0,363683.65364672174,457516.71989534365,270.3155333415,364.0603981500754,0.9730073362098858,350000.0,-24814.733558153734,350000.0,364906.36874464067,46916.533124310954
145800.0,0.0,13.0423846089903,270.280001161517,270.854000929214,332500.0,0.0,361356.428615571,455098.62845876615,270.854000929214,364.05985546967986,0.9685761337887869,350000.0,-31183.653646721737,350000.0,364552.99939020356,46871.099921597604
146700.0,0.0,11.4687311234811,273.711188936141,273.598951148913,332500.0,0.0,349492.9162959793,442771.9057896002,273.598951148913,364.0570890437985,0.9630076242090152,350000.0,-28856.428615571,350000.0,362751.625808526,46639.494746810495
147600.0,0.0,11.1912622353112,274.882676622218,274.536141297775,2292957.7451773765,0.0,345442.4359641197,438563.27462012024,274.536141297775,364.0561445213569,0.9578546905276633,0.0,124013.73304508567,1819451.0958363118,362136.5947733355,46560.41932800028
148500.0,0.0,11.1157013903878,272.864010448474,272.921208358779,2255132.774063756,0.0,352422.0805054311,445815.4390948872,272.921208358779,364.05777208904357,0.98,0.0,0.0,1909690.3380996366,363196.39451455115,46696.67929472801
149400.0,0.0,10.6202558532014,275.01958454491,274.645667635928,1959094.0809389488,0.0,344969.0696157344,438071.4257021715,274.645667635928,364.05603413811775,0.98,0.0,0.0,1606672.0004335176,362064.7181139223,46551.17804321859
150300.0,0.0,11.0734865794661,272.176960893909,272.371568715127,2232345.8027881477,0.0,354797.5905008423,448283.7007801647,272.371568715127,364.05832602890183,0.98,0.0,0.0,1887376.7331724134,363557.0955306978,46743.055139661155
151200.0,0.0,10.1274648734249,273.635416334699,273.538333067759,1703140.995410716,0.0,349754.9040534982,443044.1228483139,273.538333067759,364.0571501361372,0.98,0.0,0.0,1348343.4049098736,362791.406424283,46644.609397407825
152100.0,0.0,10.5485179578498,272.022149919842,272.247719935874,1930216.246394686,0.0,355332.8575916225,448839.86735244386,272.247719935874,364.05845084663656,0.98,0.0,0.0,1580461.3423411879,363638.37129208294,46753.50488041067
153000.0,0.0,10.1503108615184,276.190065365762,275.58205229261,1706719.0783734587,0.0,340922.0705733832,433866.4117490054,275.58205229261,364.0550904274703,0.98,0.0,0.0,1351386.2207818362,361450.21568297496,46472.17058781107
153900.0,0.0,10.9278185074779,273.94223379036,273.783787032288,2138479.835734335,0.0,348694.06655226246,441941.8649905639,273.783787032288,364.05690276181497,0.98,0.0,0.0,1797557.7651609515,362630.327260061,46623.899219150706
154800.0,0.0,9.30126484158442,271.00949876273,271.437599010184,1325760.5930551088,0.0,358834.1522647683,452477.86993179977,271.437599010184,364.0592673057037,0.98,0.0,0.0,977066.5265028463,364170.0131495667,46821.858833515726
155700.0,0.0,9.21356537345376,272.871327944086,272.927062355269,1284218.2784022014,0.0,352396.7798792194,445789.1506067678,272.927062355269,364.0577661892472,0.98,0.0,0.0,925384.1261374331,363192.5528293549,46696.18536377421
156600.0,0.0,8.94856502621744,272.683934874744,272.777147899795,1176968.8023172666,0.0,353044.7012792643,446462.3700711739,272.777147899795,364.0579172765881,0.98,0.0,0.0,824572.0224380472,363290.9341907594,46708.834395954786
157500.0,0.0,9.32397812908518,274.565500923909,274.282400739127,1326826.0671458968,0.0,346539.08763448417,439702.74500975653,274.282400739127,364.05640024710505,0.98,0.0,0.0,973781.3658666326,362303.1120149478,46581.82868763615
158400.0,0.0,8.98105401407171,272.159589954061,272.357671963249,1190978.9305684913,0.0,354857.6514396251,448346.1067958269,272.357671963249,364.0583400343777,0.98,0.0,0.0,844439.8429340072,363566.215274118,46744.2276781009
159300.0,0.0,9.11865145525259,270.630914893761,271.134731915009,1250066.6684809101,0.0,360143.12591719447,453837.95240653673,271.134731915009,364.0595725423396,0.98,0.0,0.0,895209.017041285,364368.76968077547,46847.41324467114
160200.0,0.0,8.25019238401987,272.874742825075,272.92979426006,922030.3006035204,0.0,352384.9727484702,445776.8824670851,272.92979426006,364.0577634359688,0.98,0.0,0.0,561887.174686326,363190.7600168356,46695.95485930744
161100.0,0.0,9.01354804035988,272.450638143495,272.590510514796,1203310.6281046856,0.0,353851.3370063322,447300.50085696037,272.590510514796,364.0581053741676,0.98,0.0,0.0,850925.6553562153,363413.41497466515,46724.581925314094
162000.0,0.0,8.87463157027515,273.875725624846,273.730580499877,1145535.4543251519,0.0,348924.02203495585,442180.7990756017,273.730580499877,364.05695638461924,0.98,0.0,0.0,791684.1173188197,362665.2440469559,46628.38852032291
162900.0,0.0,7.3727482900244,274.701838116162,274.391470492929,655828.6530589893,0.0,346067.69461662957,439212.94647094776,274.391470492929,364.0562903240224,0.98,0.0,0.0,306904.6310240335,362231.53498901497,46572.625927159075
163800.0,0.0,8.48936399477907,272.843800588439,272.905040470751,1004622.827957382,0.0,352491.95716017904,445888.04408073984,272.905040470751,364.0577883834243,0.98,0.0,0.0,658555.1333407525,363207.00469106954,46698.04346028037
164700.0,0.0,8.26208667423552,272.264690261603,272.441752209283,927059.6901911901,0.0,354494.2615947019,447968.5284093855,272.441752209283,364.05825529631323,0.98,0.0,0.0,574567.7330310111,363511.03761265846,46737.13340734181
165600.0,0.0,8.16988062115321,272.892750383672,272.944200306938,895335.439556022,0.0,352322.7106668532,445712.18936505745,272.944200306938,364.05774891721336,0.98,0.0,0.0,540841.17796132,363181.3060485722,46694.73934910214
166500.0,0.0,9.74996573313169,272.223814026207,272.409051220965,1523632.666525114,0.0,354635.5933299695,448115.3784364316,272.409051220965,364.0582882531442,0.98,0.0,0.0,1171309.9558582609,363532.4976362413,46739.89255323104
167400.0,0.0,8.53178331811011,273.158619231202,273.156895384962,1019170.1321439038,0.0,351403.4551334209,444757.0415372086,273.156895384962,364.05753455807326,0.98,0.0,0.0,664534.5388139342,363041.724903619,46676.79320189387
168300.0,0.0,9.15324742933967,271.883639729977,272.136911783982,1261442.8742548204,0.0,355811.7638630907,449337.47249954386,272.136911783982,364.05856252171793,0.98,0.0,0.0,910039.4191213995,363711.0891417621,46762.854318226564
169200.0,0.0,10.2527441636345,273.889251412277,273.741401129822,1766310.9505545958,0.0,348877.2559130288,442132.2069723714,273.741401129822,364.05694547933194,0.98,0.0,0.0,1410499.1866915051,362658.1430085545,46627.475529671305
170100.0,0.0,9.23580694244672,274.007477726963,273.835982181571,1290855.0811944958,0.0,348468.4822075635,441707.47271442343,273.835982181571,364.05685015830664,0.98,0.0,0.0,941977.825281467,362596.07419334445,46619.49525343001
171000.0,0.0,9.16692432193249,274.46640516492,274.203124131936,1261129.767800197,0.0,346881.716436754,440058.75173948985,274.203124131936,364.0564801439485,0.98,0.0,0.0,912661.2855926335,362355.137288417,46588.51765136791
171900.0,0.0,10.3853531016023,273.482541922461,273.416033537969,1837103.429147965,0.0,350283.4753798312,443593.332220299,273.416033537969,364.0572733925016,0.98,0.0,0.0,1490221.712711211,362871.665490708,46654.9284202339
172800.0,0.0,4.71830969358808,264.049941437976,265.869953150381,175302.72273295306,0.0,382897.18800759525,477480.4459134685,265.869953150381,364.06487851114355,0.98,350000.0,-174980.75264687816,350000.0,367823.7807450626,47291.628952936626
173700.0,0.0,4.60901095005569,263.020870066402,265.046696053122,163713.8015933002,0.0,386455.2564364625,481177.4389774982,265.046696053122,364.06570820915573,0.9487534370273432,350000.0,-219183.38641429506,350000.0,368364.04321513895,47361.09127051787
174600.0,0.0,4.81513486924795,265.35634856972,266.915078855776,185865.94714164172,0.0,378380.21659132093,472787.1095344088,266.915078855776,364.0638252086902,0.9096135465962191,350000.0,-200589.3092948208,350000.0,367137.917000897,47203.44647154391
175500.0,0.0,4.88676108262058,261.847387273074,264.107909818459,195558.61259235247,0.0,390512.6349566489,485393.2376747839,264.107909818459,364.06665434017043,0.8737940270792868,350000.0,-182821.60399896847,350000.0,368980.1216816362,47440.301359067525
176400.0,0.0,4.77564039680838,267.655607515636,268.754486012508,180558.9225048524,0.0,370430.40777219133,464526.90075758053,268.754486012508,364.0619714105673,0.841147312079471,350000.0,-209953.7124517965,350000.0,365930.80605429114,47048.24649269458
177300.0,0.0,4.85454245009155,268.63527338506,269.538218708048,189314.11784591488,0.0,367043.16146729264,461007.39956030954,269.538218708048,364.06118154618383,0.8036555777130788,350000.0,-181116.28992627645,350000.0,365416.48147284356,46982.119046508466
178200.0,0.0,4.97595468203064,266.441679488373,267.783343590699,204705.3974705938,0.0,374627.6278173956,468888.0010864653,267.783343590699,364.06295015091416,0.7713133830833866,350000.0,-162337.76399669884,350000.0,366568.11826860416,47130.186634534824
179100.0,0.0,4.98909730099479,263.957148185938,265.795718548751,207286.14670214834,0.0,383218.02556037024,477813.8105552686,265.795718548751,364.0649533265343,0.7423244966554047,350000.0,-167341.48111524727,350000.0,367872.49720238254,47297.89249744919
180000.0,0.0,4.9240448702784,265.342494854796,266.903995883837,198770.36692606515,0.0,378428.1165398127,472836.87973441527,266.903995883837,364.063836378372,0.7124420893133963,350000.0,-184447.6586343051,350000.0,367145.1902012321,47204.38159730128
180900.0,0.0,5.00888334546176,265.059703063608,266.677762450886,209332.4312965474,0.0,379405.8840416264,473852.82412803936,266.677762450886,364.064064381787,0.6795050074144132,350000.0,-169095.6852432653,350000.0,367293.6558916058,47223.47004320647
181800.0,0.0,5.12265757103416,265.911690621819,267.359352497455,223569.6247550653,0.0,376460.0922176605,470792.013983715,267.359352497455,364.06337745918574,0.6493093493352587,350000.0,-155836.2592865611,350000.0,366846.36242354504,47165.96088302723
182700.0,0.0,4.99834753504939,266.138019078904,267.540415263123,207598.33442525848,0.0,375677.5496652651,469978.9170896131,267.540415263123,364.06319497983964,0.62148144589123,350000.0,-168861.75779240203,350000.0,366727.5399835754,47150.68371217399
183600.0,0.0,5.11564985530426,264.152467718833,265.951974175066,223382.3663585916,0.0,382542.6979954145,477112.1148533721,265.951974175066,364.0647958484111,0.5913275605711582,350000.0,-152295.18330667348,350000.0,367769.9544476127,47284.708428978774
184500.0,0.0,5.15989611227174,266.361070644295,267.718856515436,228290.48009384578,0.0,374906.3371383687,469177.59260138887,267.718856515436,364.06301514251686,0.5641319921235379,350000.0,-154252.2179015687,350000.0,366610.43791174516,47135.627731510096
185400.0,0.0,5.21497772973381,265.176703768251,266.771363014601,236198.28485675884,0.0,379001.3479473889,473432.492938675,266.771363014601,364.06397004892074,0.5365869532125435,350000.0,-138708.05228160985,350000.0,367232.2305216682,47215.572495643064
186300.0,0.0,5.23357451809444,263.2406980871,265.22255846968,239595.84794480825,0.0,385695.18948500504,480387.69524324656,265.22255846968,364.06553097084475,0.511817658162256,350000.0,-139405.50000258064,350000.0,368248.63350427256,47346.252879120766
187200.0,0.0,5.15416606926075,268.004058579192,269.033246863354,226839.97547064567,0.0,369225.61988041137,463275.0719722205,269.033246863354,364.06169046877574,0.4869238188760809,350000.0,-158855.21401435937,350000.0,365747.8692459242,47024.72604590454
188100.0,0.0,5.36289385123731,267.351244682851,268.510995746281,255838.67276680877,0.0,371482.75828563736,465620.3402534524,268.510995746281,364.06221680582786,0.4585568163735167,350000.0,-113386.9471136026,350000.0,366090.59654150315,47068.79098390756
189000.0,0.0,5.27030940832986,264.552463482733,266.271970786186,244079.66579147382,0.0,381159.69158932177,475675.1090191529,266.271970786186,364.06447334824315,0.43830914724608766,350000.0,-127403.09249416355,350000.0,367559.9566715652,47257.708714915534
189900.0,0.0,5.3916080620756,264.806062987001,266.474850389601,261200.15145494544,0.0,380282.8579559702,474764.0394527251,266.474850389601,364.06426888137094,0.41555859501498704,350000.0,-119959.54013437632,350000.0,367426.8169318245,47240.590748377435
190800.0,0.0,5.27405088855039,262.260244248685,264.438195398948,245647.0540271424,0.0,389085.1602341586,483910.02726058615,264.438195398948,364.0663214705353,0.39413724856241983,350000.0,-134635.8039288278,350000.0,368763.37176944036,47412.433513213764
191700.0,0.0,5.182185135341,263.613215615412,265.52057249233,232445.5924256088,0.0,384407.1905246788,479049.40641659824,265.52057249233,364.06523062525036,0.37009514071798627,350000.0,-156639.56780854982,350000.0,368053.0618019087,47321.107945959695
192600.0,0.0,5.41026606970885,264.294623824295,266.065699059436,264172.3970583213,0.0,382051.1857788778,476601.41156259796,266.065699059436,364.0646812337776,0.3421237893236024,350000.0,-120234.79346635751,350000.0,367695.3224922451,47275.112891860095
193500.0,0.0,5.29762393998653,263.318856852315,265.285085481852,248464.3884020527,0.0,385424.9514406551,480106.90576559264,265.285085481852,364.0654679546401,0.32065329049032426,350000.0,-133586.79737682512,350000.0,368207.60015253467,47340.97716246875
194400.0,0.0,5.39785367939913,267.013540062763,268.240832050211,261037.766967158,0.0,372650.3897835173,466833.5618750443,268.240832050211,364.0624890832031,0.2967985052444626,350000.0,-124387.1844734971,350000.0,366267.8914670494,47091.586045763506
195300.0,0.0,5.35851597527027,264.205380142886,265.994304114308,256706.7431145422,0.0,382359.75050438865,476922.024185099,265.994304114308,364.0647531872952,0.2745865080170524,350000.0,-115943.6466689751,350000.0,367742.17542498483,47281.1368403552
196200.0,0.0,5.30831874017389,267.542240865887,268.663792692709,248019.67188527057,0.0,370822.3789303632,464934.17641346843,268.663792692709,364.06206281344424,0.2538822853975926,350000.0,-134340.07861911808,350000.0,365990.32354540937,47055.898741552635
197100.0,0.0,5.23189247163206,263.865488019448,265.722390415558,239086.41844413723,0.0,383534.94541023305,478143.1045276076,265.722390415558,364.0650272283646,0.22989298564417868,350000.0,-131735.960486226,350000.0,367920.61878978985,47304.07955868727
198000.0,0.0,5.27385018473213,264.886931740908,266.539545392726,244419.90283507606,0.0,380003.2499830893,474473.51419806667,266.539545392726,364.06420368021367,0.20636870698592402,350000.0,-35664.75912117446,246549.71654601747,367384.3608360233,47235.13210748872
198900.0,0.0,5.26825927792018,263.7288335891,265.61306687128,244168.94604534074,0.0,384007.4352954978,478634.0427609693,265.61306687128,364.06513740722335,0.2,350000.0,-0.0,214165.69606225146,367992.3623657225,47313.30373273575
199800.0,0.0,5.27384228896727,265.795388004719,267.266310403775,244006.80819854478,0.0,376862.2146374743,471209.83725683717,267.266310403775,364.0634712292126,0.2,350000.0,-0.0,209999.37290304695,366907.42129752255,47173.81130968148
200700.0,0.0,5.33783665129026,261.117823838702,263.524259070962,255212.597228255,0.0,393035.13892906305,488014.23271083826,263.524259070962,364.0672425572251,0.2,350000.0,-0.0,228350.38259078073,369363.14248468145,47489.54689088762
201600.0,0.0,5.21428260786952,265.856237716992,267.314990173594,235806.186494917,0.0,376651.8235546711,470991.2314628772,267.314990173594,364.063422168587,0.2,350000.0,-0.0,192771.04756585395,366875.4751985792,47169.703954103046
202500.0,1.89026593560539,5.22444466111037,263.658264980341,265.556611984273,238158.72416742754,3162.2735279386457,384251.42997441854,478887.5642020725,265.556611984273,364.06519430379626,0.2,350000.0,-0.0,214669.1741406951,368029.410885321,47318.06711382698
203400.0,31.0175494399754,5.1821305908411,263.861865749538,265.719492599631,232330.6279489308,51871.09466652404,383547.4695990882,478156.1177229006,265.719492599631,364.0650301488522,0.2,350000.0,-0.0,249950.29264103633,367922.52048149257,47304.3240619062
204300.0,8.8130873764116,5.05110112740981,265.767285678745,267.243828542996,214388.44080351663,14687.875055304972,376959.379908598,471310.79634196754,267.243828542996,364.0634938869647,0.2,350000.0,-0.0,195528.8462597334,366922.1750186589,47175.708216684725
205200.0,11.2187270911517,5.1468097425221,268.379778974442,269.333823179553,225713.37170661936,18609.183188595038,367926.5468390813,461925.2766775316,269.333823179553,364.0613875408412,0.2,350000.0,-0.0,217363.17498661636,365550.61603841797,46999.364919225176
206100.0,8.66544084911565,5.04590282739159,265.950532470592,267.390425976473,213654.56489425173,14437.043884391871,376325.79448122176,470652.47259769187,267.390425976473,364.0633461425972,0.2,350000.0,-0.0,210165.06193956232,366825.9704529392,47163.339058235055
207000.0,29.8628647922725,5.11515814629366,262.671610052066,264.767288041653,223935.14592272352,50046.732234420095,387662.84131813614,482432.1739611072,264.767288041653,364.0659898031711,0.2,350000.0,-0.0,247656.08367592184,368547.4047226654,47384.66632148556
207900.0,15.1201289687226,5.1340136156873,265.619443087363,267.12555446989,225181.84903570332,25205.885057792013,377470.5534494922,471841.92863269825,267.12555446989,364.06361308637844,0.2,350000.0,-0.0,212724.89277535919,366999.79237913445,47185.687591603004
208800.0,14.3132103389605,5.04872086825288,263.770049457358,265.646039565886,214881.85680023403,23940.130357161237,383864.9292617414,478485.97258499806,265.646039565886,364.0651041765603,0.2,350000.0,-0.0,211351.43370790308,367970.724034887,47310.521661628336
209700.0,41.9958401095101,4.88110985132452,264.676711104108,266.371368883286,193855.74072149242,70127.58792510458,380730.09889906924,475228.74290001474,266.371368883286,364.0643731724853,0.2,350000.0,-0.0,230118.39938485558,367494.7266703433,47249.32200047272
210600.0,41.7402019419854,4.87752747261154,264.646114902798,266.346891922238,193440.23051200592,69704.53672724385,380835.8868754249,475338.6613635472,266.346891922238,364.06439784094675,0.2,350000.0,-0.0,232414.66834018053,367510.78967603104,47251.387244061145
211500.0,0.0,4.91501228907391,263.158666802775,265.15693344222,198483.44888859967,0.0,385978.81696799473,480682.39694962016,265.15693344222,364.0655971093026,0.2,350000.0,-0.0,167647.5620131748,368291.6999285431,47351.78999081269
212400.0,0.0,4.69227739854999,266.729757253441,268.013805802753,171561.28146935088,0.0,373631.5837826873,467853.0665534728,268.013805802753,364.0627178856354,0.2,350000.0,-0.0,135582.46450135615,366416.87744194345,47110.741385392736
213300.0,22.6382164840575,4.88299688813592,264.613213933545,266.320571146836,194103.57786618447,37807.18793035983,380949.6437082453,475456.8598272168,266.320571146836,364.064424367648,0.2,350000.0,-0.0,208279.18201385697,367528.0626848889,47253.60805948573
214200.0,31.5854494674026,4.73583548080234,267.311789282065,268.479431425652,176193.59421990046,52493.89990550436,371619.1774104558,465762.0858573771,268.479431425652,364.0622486170982,0.2,350000.0,-0.0,197737.85041715953,366111.3106269159,47071.45422346062
215100.0,18.1311803151528,4.76549401848474,266.548409430927,267.868727544742,179778.57637320965,30174.903356177045,374258.6034236507,468504.5681504756,267.868727544742,364.0628640989419,0.2,350000.0,-0.0,188334.30231893086,366512.0850487633,47122.98236341243
216000.0,28.869291225818,4.68059600052746,265.674391616922,267.169513293537,170616.69035213502,48121.55250280014,377280.5660165149,471644.5231482305,267.169513293537,364.0635687836342,0.2,350000.0,-0.0,194479.63943128445,366970.94440111594,47181.978565857775
216900.0,70.6214525765326,4.58521882885462,262.388343328298,264.540674662638,161381.93539123583,118413.45916833563,388642.25092434144,483449.8245750212,264.540674662638,364.06621818950475,0.2,350000.0,-0.0,252514.82854305656,368696.1197526436,47403.78682533989
217800.0,43.8783643224083,4.59259251956648,264.631461334853,266.335169067883,161485.37792000623,73277.11483911585,380886.5523578308,475391.3050776257,266.335169067883,364.0644096555172,0.2,350000.0,-0.0,196120.24183478064,367518.48279920215,47252.37635989743
218700.0,23.093961018523,4.58170394806581,266.527872990988,267.85229839279,159776.07442724204,38435.65762592765,374329.6092456087,468578.34639182535,267.85229839279,364.0628806566305,0.2,350000.0,-0.0,167325.17969533888,366522.8666797313,47124.36857310832
219600.0,44.9452380612517,4.64314566153724,265.340277122851,266.902221698281,166657.30226444022,74963.22629154297,378435.7844647354,472844.84705315053,266.902221698281,364.06383816643825,0.2,350000.0,-0.0,217290.91931037453,367146.35451050324,47204.53129420756
220500.0,34.560733751908,4.5390313773507,264.698333114731,266.388666491785,155881.65808588415,57709.68604526991,380655.33965933707,475151.06468884833,266.388666491785,364.0643557395456,0.2,350000.0,-0.0,185155.55966641865,367483.37511476624,47247.86251475566
221400.0,0.0,4.46143971451569,264.954155761199,266.593324608959,147953.08649556397,0.0,379770.81939482584,474232.00836706394,266.593324608959,364.0641494802451,0.2,350000.0,-0.0,117297.7468362269,367349.06822537055,47230.59448611908
222300.0,53.9596890452312,4.32433913230586,264.177204250697,265.971763400558,134922.9093049429,90186.51845592674,382457.17013456847,477023.2475607244,265.971763400558,364.06477590436066,0.2,350000.0,-0.0,195338.6083660438,367756.9677683841,47283.03871307796
223200.0,38.5623410827579,4.3407157190628,266.144070273956,267.545256219165,135963.91958657705,64224.33694863384,375656.627339887,469957.17785290297,267.545256219165,364.0631901010094,0.2,350000.0,-0.0,167731.0864006424,366724.3631061731,47150.27525650798
224100.0,0.0,4.28912420078641,266.595279384496,267.906223507597,131063.66350125425,0.0,374096.54809234705,468336.1853754401,267.906223507597,364.0628263096219,0.2,350000.0,-0.0,105407.03616136723,366487.47832313966,47119.81864154653
225000.0,33.6929232524254,4.44337927535667,262.47913243945,264.61330595156,146838.9445345579,56484.92580771416,388328.3427941575,483123.6599148318,264.61330595156,364.0661449899706,0.2,350000.0,-0.0,179227.322249925,368648.4554692888,47397.658560337135
225900.0,14.9676706757872,4.18141280136315,265.065455856443,266.682364685154,121780.64142049353,24976.606425712136,379385.99345762073,473832.1569170009,266.682364685154,364.06405974354624,0.2,350000.0,-0.0,108428.90505204815,367290.63567536743,47223.08172969011
226800.0,6.91787873777816,4.23883268396524,265.751071205721,267.230856964577,126705.38271577467,11529.660366904129,377015.442302471,471369.04768969875,267.230856964577,364.0635069600288,0.2,350000.0,-0.0,108849.04962505808,366930.68761699647,47176.802693613834
227700.0,36.3547387025862,4.23025946172032,263.323271789993,265.288617431994,126508.06586400831,60855.29446859628,385409.6865612699,480091.04486962094,265.288617431994,364.06546439505706,0.2,350000.0,-0.0,160347.91803013356,368205.28231025365,47340.67915417548
228600.0,10.6652847293093,4.23133119678047,266.089793492498,267.501834793998,125954.71079298388,17764.424811063374,375844.29216845357,470152.1700469663,267.501834793998,364.0632338621507,0.2,350000.0,-0.0,108309.44904277733,366752.8584164385,47153.93893925639
229500.0,1.54521431941464,3.96619215506732,265.344454080375,266.9055632643,103873.62967784541,2577.2114115389636,378421.34241425723,472829.8411134066,266.9055632643,364.0638347987288,0.2,350000.0,-0.0,80606.54892093083,367144.16160780314,47204.2493495747
230400.0,0.0,4.00585129383262,265.535295995877,267.058236796702,106982.96683438189,0.0,377761.49644709594,472144.2314876526,267.058236796702,364.0636809307248,0.2,350000.0,-0.0,78561.62442012469,367043.9696021646,47191.36752027831
231300.0,0.0,3.98038175370518,263.303908703224,265.27312696258,105391.85657785035,0.0,385476.6354528782,480160.6077779429,265.27312696258,364.0654800067192,0.2,350000.0,-0.0,77630.36013075442,368215.4479308074,47341.98616253238
232200.0,0.0,4.06834036348175,262.956366950827,264.995093560662,112607.20065046973,0.0,386678.2793534639,481409.16981510224,264.995093560662,364.0657602153705,0.2,350000.0,-0.0,77130.56519759155,368397.90735081583,47365.44523081919
233100.0,0.0,3.9451221201881,265.448121278777,266.988497023022,102207.27472662706,0.0,378062.90761961223,472457.41124697734,266.988497023022,364.0637512161214,0.2,350000.0,-0.0,65528.99537316314,367089.73632864206,47197.25181368256
234000.0,0.0,3.9907386048436,265.583721638415,267.096977310732,105767.19208315239,0.0,377594.0622393046,471970.2598181186,267.096977310732,364.06364188711666,0.2,350000.0,-0.0,77704.28446354019,367018.5461398321,47188.09878940699
234900.0,0.0,4.13784158617289,266.714609368589,268.001687494872,117652.73044901421,0.0,373683.9583918175,467907.48612705804,268.001687494872,364.06273009875326,0.2,350000.0,-0.0,90058.66820970963,366424.8300814908,47111.763867620255
235800.0,0.0,3.96664009187303,262.134970551873,264.337976441498,104531.84852903069,0.0,389518.3006342404,484360.0796097375,264.337976441498,364.0664224735756,0.2,350000.0,-0.0,80847.89013721317,368829.1404602667,47420.88948774858
236700.0,0.0,4.12119292122796,261.829814486552,264.093851589242,117299.65333384446,0.0,390573.39379092975,485456.3688352452,264.093851589242,364.066668508387,0.2,350000.0,-0.0,77781.35269960406,368989.3473945602,47441.487522157746
237600.0,0.0,4.01510090653677,262.177167287634,264.371733830107,108401.52649809518,0.0,389372.4031994648,484208.48561563424,264.371733830107,364.06638845207937,0.2,350000.0,-0.0,67828.13270716544,368806.98717399215,47418.041208084716
238500.0,0.0,3.97345309293387,266.214980231596,267.601984185277,104276.58865745532,0.0,375411.4524292438,469702.43009797833,267.601984185277,364.06313292922084,0.2,350000.0,-0.0,64904.185457990505,366687.1353784121,47145.48883436728
239400.0,0.0,4.02126367732314,264.602538760113,266.31203100809,108410.28162806136,0.0,380986.5536822395,475495.2109496243,266.31203100809,364.06443297460214,0.2,350000.0,-0.0,82998.82919881755,367533.66715094063,47254.32863369238
240300.0,0.0,4.08292498380912,263.024898390179,265.049918712143,113808.05798253609,0.0,386441.3282949892,481162.96701231506,265.049918712143,364.0657049612836,0.2,350000.0,-0.0,82821.5043002966,368361.9283451561,47360.819358662935
241200.0,0.0,4.04015488535935,262.440889977962,264.582711982369,110389.08962906756,0.0,388460.56811751594,483261.04797049105,264.582711982369,364.0661758232977,0.2,350000.0,-0.0,73947.76133407839,368668.53276156995,47400.23992648757
242100.0,0.0,3.99520977871182,262.847172407737,264.90773792619,106664.90581211948,0.0,387055.8252332787,481801.4569582342,264.90773792619,364.06584825444907,0.2,350000.0,-0.0,68204.33769460354,368455.23448593804,47372.81586247776
243000.0,0.0,4.03063146823425,264.437611736133,266.180089388907,109203.18631257398,0.0,381556.79754801566,476087.7199636377,266.180089388907,364.0645659484927,0.2,350000.0,-0.0,72147.36107929528,367620.25383853016,47265.46120781103
243900.0,0.0,4.05775710860747,264.877870332129,266.532296265703,111331.65304462805,0.0,380034.5802808579,474506.0677860205,266.532296265703,364.0642109860557,0.2,350000.0,-0.0,79774.85549661238,367389.1180756323,47235.74375258131
244800.0,0.0,3.98932414498847,264.747968958075,266.42837516646,105818.9288249112,0.0,380483.72111856315,474972.745309223,266.42837516646,364.0643157202022,0.2,350000.0,-0.0,75784.34854405327,367457.3162970107,47244.512095329956
245700.0,0.0,4.0903902976538,263.216982457975,265.20358596638,114392.4869249296,0.0,385777.1875208958,480472.8948890692,265.20358596638,364.06555009178317,0.2,350000.0,-0.0,83908.76580636646,368261.08420956315,47347.8536840867
246600.0,0.0,4.09000898393273,263.454894006153,265.393915204923,114309.79488937224,0.0,384954.59582140716,479618.1851305765,265.393915204923,364.06535827346613,0.2,350000.0,-0.0,78532.60736847646,368136.1806467697,47331.79465458468
247500.0,0.0,4.11019030344693,262.491941546608,264.623553237286,116218.83143158235,0.0,388284.05463199696,483077.64252320485,264.623553237286,364.0661346625132,0.2,350000.0,-0.0,81264.23561017518,368641.7306880308,47396.79394560396
248400.0,0.0,4.17034609557724,264.391659091329,266.143327273063,120967.70929474288,0.0,381715.68123598926,476252.8072586599,266.143327273063,364.06460299822425,0.2,350000.0,-0.0,82683.65466274589,367644.3789770523,47268.5630113353
249300.0,0.0,4.24067354788444,265.195638398068,266.786510718454,127001.43080285074,0.0,378935.8804682397,473364.4692845005,266.786510718454,364.0639547827058,0.2,350000.0,-0.0,95285.74956686149,367222.2898410143,47214.29440813042
250200.0,0.0,4.33555962360221,264.211075388724,265.998860310979,135967.3313854904,0.0,382340.05889215134,476901.5637146736,265.998860310979,364.0647485954522,0.2,350000.0,-0.0,107031.45091725068,367739.1854209199,47280.752411261135
251100.0,0.0,4.29914984524407,265.991726636169,267.423381308935,132132.6336418813,0.0,376183.3634856236,470504.4803897408,267.423381308935,364.06331292943213,0.2,350000.0,-0.0,99792.57474972995,366804.34351601126,47160.5584520586
252000.0,0.0,4.28990918158075,266.423782090738,267.769025672591,131177.31708542892,0.0,374689.509011687,468952.29842943745,267.769025672591,364.06296458085137,0.2,350000.0,-0.0,104993.9535998053,366577.5144023626,47131.394708875196
252900.0,0.0,4.45909675819698,265.794441350129,267.265553080103,147489.7979136959,0.0,376865.4877455429,471213.2381632755,267.265553080103,364.06347199246136,0.2,350000.0,-0.0,122800.28890200888,366907.9182911823,47173.8752088663
253800.0,0.0,4.44863680899462,263.782724288761,265.656179431009,147003.0238205606,0.0,383821.10536506656,478440.4375860838,265.656179431009,364.06509395736396,0.2,350000.0,-0.0,120137.5360750177,367964.0697484005,47309.66611050864
254700.0,0.0,4.53295069049597,260.571420131421,263.087136105137,156456.5107109436,0.0,394924.3585050778,489977.2167873359,263.087136105137,364.06768310010904,0.2,350000.0,-0.0,122635.40534587705,369650.004431004,47526.4291411291
255600.0,0.0,4.40731863938703,265.092943619182,266.704354895346,142596.96902812808,0.0,379290.9530712229,473733.4056826333,266.704354895346,364.06403758129125,0.2,350000.0,-0.0,97672.6105230503,367276.20459992945,47221.22630570522
256500.0,0.0,4.55928743691193,268.083374427964,269.096699542371,156989.87311242038,0.0,368951.38115876645,462990.12561099126,269.096699542371,364.0616265196621,0.2,350000.0,-0.0,127698.9200411975,365706.2284253189,47019.372226112435
257400.0,0.0,4.53930299809558,265.056372340978,266.675097872783,155805.9260136503,0.0,379417.40019041643,473864.7899243844,266.675097872783,364.0640670672119,0.2,350000.0,-0.0,136854.54485488386,367295.40452098654,47223.69486698399
258300.0,0.0,4.64049583482261,267.498407094393,268.628725675515,165708.0179389521,0.0,370973.93650233914,465091.6515445961,268.628725675515,364.0620981548152,0.2,350000.0,-0.0,136290.61774853567,366013.3362754437,47058.85752112849
